Designator,Val,Package,Mid X,Mid Y,Rotation,Layer
D1,1N4007,D_DO-41_SOD81_P10.16mm_Horizontal,53.16,39.5,180,top
D2,1N4007,D_DO-41_SOD81_P10.16mm_Horizontal,30,39.5,180,top
J2,RJ45_LED_Shielded,RJ45_Amphenol_RJHSE538X,8.7175,38.544,90,top
J3,RJ45_LED_Shielded,RJ45_Amphenol_RJHSE538X,8.7175,17.36,90,top
J4,RJ45_LED_Shielded,RJ45_Amphenol_RJHSE538X,77.3675,38.14,-90,top
J5,RJ45_LED_Shielded,RJ45_Amphenol_RJHSE538X,77.3675,16.86,-90,top
K1-AD1,Songle SRD-5VDC-SL-C,Relay_SPDT_SANYOU_SRD_Series_Form_C,56.475,26.35,-90,top
K2-Enable1,Songle SRD-5VDC-SL-C,Relay_SPDT_SANYOU_SRD_Series_Form_C,33.475,26.4,-90,top
Q1,PN2222A,TO-92,64.865,42,-90,top
Q2,PN2222A,TO-92,41.865,42,-90,top
R3,R1k,R_1206_3216Metric,56.0375,44.5,0,top
R4,R1k,R_1206_3216Metric,33.0375,44.5,180,top
R5,R30,R_1206_3216Metric,45,28.4625,-90,top
R6,R30,R_1206_3216Metric,22,28.4625,-90,top
